block,timestamp,from,to,action,amount_eth,contract_balance_eth,participant_count
3,1778061479,0x70997970c51812dc3a010c7d01b50e0d17dc79c8,0x5fbdb2315678afecb367f032d93f642f64180aa3,deposit,0.10,0.1,1
5,1778061481,0x3c44cdddb6a900fa2b585dd299e03d12fa4293bc,0x5fbdb2315678afecb367f032d93f642f64180aa3,deposit,0.15,0.25,2
7,1778061483,0x90f79bf6eb2c4f870365e785982e1f101e93b906,0x5fbdb2315678afecb367f032d93f642f64180aa3,deposit,0.20,0.45,3
9,1778061485,0x15d34aaf54267db7d7c367839aaf71a00a2c6a65,0x5fbdb2315678afecb367f032d93f642f64180aa3,deposit,0.12,0.57,4
11,1778061487,0x9965507d1a55bcc2695c58ba16fb37d819b0a4dc,0x5fbdb2315678afecb367f032d93f642f64180aa3,deposit,0.18,0.75,5
13,1778061489,0x976ea74026e726554db657fa54763abd0c3a0aa9,0x5fbdb2315678afecb367f032d93f642f64180aa3,deposit,0.25,1,6
15,1778061491,0x14dc79964da2c08b23698b3d3cc7ca32193d9955,0x5fbdb2315678afecb367f032d93f642f64180aa3,deposit,0.11,1.11,7
17,1778061493,0x23618e81e3f5cdf7f54c3d65f7fbc0abf5b21e8f,0x5fbdb2315678afecb367f032d93f642f64180aa3,deposit,0.30,1.41,8
19,1778061495,0xa0ee7a142d267c1f36714e4a8f75612f20a79720,0x5fbdb2315678afecb367f032d93f642f64180aa3,deposit,0.13,1.54,9
21,1778061497,0xbcd4042de499d14e55001ccbb24a551f3b954096,0x5fbdb2315678afecb367f032d93f642f64180aa3,deposit,0.22,1.76,10
23,1778061499,0x71be63f3384f5fb98995898a86b02fb2426c5788,0x5fbdb2315678afecb367f032d93f642f64180aa3,deposit,0.17,1.93,11
25,1778061501,0xfabb0ac9d68b0b445fb7357272ff202c5651694a,0x5fbdb2315678afecb367f032d93f642f64180aa3,deposit,0.19,2.12,12
27,1778061503,0x1cbd3b2770909d4e10f157cabc84c7264073c9ec,0x5fbdb2315678afecb367f032d93f642f64180aa3,deposit,0.14,2.26,13
29,1778061505,0xdf3e18d64bc6a983f673ab319ccae4f1a57c7097,0x5fbdb2315678afecb367f032d93f642f64180aa3,deposit,0.28,2.54,14
31,1778061507,0xcd3b766ccdd6ae721141f452c550ca635964ce71,0x5fbdb2315678afecb367f032d93f642f64180aa3,deposit,0.16,2.7,15
33,1778061509,0x2546bcd3c84621e976d8185a91a922ae77ecec30,0x5fbdb2315678afecb367f032d93f642f64180aa3,deposit,0.21,2.91,16
35,1778061511,0xbda5747bfd65f08deb54cb465eb87d40e51b197e,0x5fbdb2315678afecb367f032d93f642f64180aa3,deposit,0.10,3.01,17
37,1778061513,0xdd2fd4581271e230360230f9337d5c0430bf44c0,0x5fbdb2315678afecb367f032d93f642f64180aa3,deposit,0.27,3.28,18
39,1778061515,0x8626f6940e2eb28930efb4cef49b2d1f2c9c1199,0x5fbdb2315678afecb367f032d93f642f64180aa3,deposit,0.23,3.51,19
43,1778061517,0x5fbdb2315678afecb367f032d93f642f64180aa3,0x70997970c51812dc3a010c7d01b50e0d17dc79c8,owner_withdraw_all,3.51,0,19